qno,category
1,E
2,A
3,C
4,N
5,O
6,E
7,A
8,C
9,N
10,O
11,E
12,A
13,C
14,N
15,O
16,E
17,A
18,C
19,N
20,O
21,E
22,A
23,C
24,N
25,O
26,E
27,A
28,C
29,N
30,O
31,E
32,A
33,C
34,N
35,O
36,E
37,A
38,C
39,N
40,O
41,O
42,A
43,C
44,O
